State,% Obama,HDI Rank,Life Expectancy at Birth (years),Less Than High School (%),At Least High School Diploma (%),At Least Bachelor's Degree(%),Graduate or Professional Degree(%),School Enrollment(% enrolled ages 3 to 24),Median Personal Earnings (2009 dollars),Health Index,Education Index,Income Index,Diabetes (% age 18 and older),Low-Birth-Weight Infants (% of all infants),"Trauma-Related Death Rate (per 100,000 population)",3- and 4-year-olds Not Enrolled in Preschool (%),4th Graders Reading Below Proficiency (%),High School Freshmen Not Graduating After 4 Years (%),Children Under 6 Living in Poverty (%),Adults 65 and Older Living in Poverty (%),"Marginally Attached Workers (per 10,000 working-age Adults)",Renters with Severe Housing-Cost Burden (gross rent > 50% of household income),Preschool Enrollment (% enrolled ages 3 and 4),Students Learning English as a Second Language (% public K-12),Special Education Students (% public K-12),Economically Disadvantaged Students (% public K-12),4th Grade National Assessment of Educational Progress in Reading (% at or above proficient),8th Grade National Assessment of Educational Progress in Math (% at or above proficient),Public High School Graduation Rate (%),High School Graduates Enrolling in College (%),Annual Costs of Public 4-Year College (average $),Annual Costs of Private 4-Year College (average $),Annual Costs of Public 2-Year College (average $),"Per Pupil Spending, Public K-12 ($)",State Spending on Higher Education ($ per capita),State Spending on Academic Research and Development  ($ per capita),Individuals with Home Internet Access (% ages 3 and older),Teenagers Not in School and Not Working (% ages 16-19),Total Population,Population under 18 (%),Population over 65 (%),Urban Population (%),Rural Population (%),White not Latino Population (%),Latino Population (%),African American Population (%),Asian American Population (%),Native American Population (%),Population some other race or races (%),Renters Spending 30% or More on Housing (%),Owners Spending 30% or More on Housing (%),Housing Units Occupied by Owner (%),Housing Units with 1.01 or More Occupants per Room (%),"Foreclosures (per 10,000 homes)",Homeless Population (total number),Homeless (% of population),"Commute 60 Minutes or More (% of workers, 16 and over)",Commute by Carpool (% of workers),State Expenditure on Transportation ($ per person),"Infant Mortality Rate (per 1,000 live births)",Low-Birth-Weight Infants (% of all infants),"Child Mortality (age 1-4, per 100,000 population)",Food-Insecure Households (%),Child Immunization Rate (%),Diabetes (% age 18 and older),Obesity (% age 20 and older),"Births to Teenage Girls (per 1,000 age 15-19)","Practicing Physicians (per 10,000 population)",Smoking (% age 18 and older),Binge Drinking (% adults in past 30 days),Uninsured (% of individuals lacking coverage),Medicare Recipients (thousands),Medicaid Recipients (thousands),Medicaid Eligibility Cutoff (income as % of poverty line),State Medicaid Spending (per recipient),Children on Medicaid (% age 0 -18),Army Recruits (total),"Army Recruits (per 1,000 youth)","Army Recruits (per 1,000 youth)",Change in Army Recruits from 2007 to 2008 (%),"Total Military Casualties in Operations Enduring Freedom and Iraqi Freedom, to April 2010","Violent Crime  (per 100,000)","Property Crime (per 100,000)","Homicide (per 100,000)",Homicide by Firearm (%),"Suicide (per 100,000 age-adjusted)",Rape (total number),"Rape (per 100,000)","Child Maltreatment (per 1,000 children)",State Police Expenditure ($ per resident),"Prisoners, State or Federal Jurisdiction (total number)","Incarceration Rate (per 100,000 inhabitants)",State Expenditure on Corrections ($ per prisoner),Volunteerism (% of adults ages 18 and older who volunteer),"Group Membership (% of adults 18 and over involved in social, civic, sports, and religious groups)",Turnout (% of eligible voters who voted),Change in Turnout from 2004,"Ineligible to Vote Due to Felony Convictions (per 100,000 voting-age population)",Seats in State Legislatures Held by Women (%),Women in Congressional Delegation (total),Men in Congressional Delegation (total),Carbon Dioxide Emissions (metric tons per capita),Carcinogen Releases (pounds),Lead Releases (pounds),"Mercury Releases (pounds per 1,000 population)",Dioxin Releases (grams),Superfund Sites (total),Protected Forest (acres),Protected Farm and Ranch Land (acres),Energy Consumption (BTUs per capita),"Water Consumption (gallons per day, per capita)","Labor Force Participation Rate (%, ages 16 to 64)",State Per Capita GDP ($),State Minimum Wage ($ per hour),Gini Coefficient,Poverty Rate (% below federal poverty threshold),Child Poverty (% living in families below the poverty line),Federal Revenue to Each State ($ per capita),State Public Assistance Spending ($ per capita),Food Stamps Use (%),Unemployment Rate (% ages 16 and over),Union Membership (%),"Bankruptcies (filings per 1,000)","Management, professional, and related occupations (%)",Service occupations (%),Sales and office occupations (%),"Farming, fishing, and forestry occupations (%)","Construction, extraction, maintenance and repair occupations (%)","Production, transportation, and material moving occupations (%)"
Alabama,38.44,4.09,75.2,18.1,81.9,22,7.7,83.6,26112,3.83,4.25,4.18,11.2,10.4,78.1,53.1,71.8,32.9,25.8,12.1,96.5,20.9,46.9,2.6,11.1,52.2,28.2,20.4,67.1,61.5,12166,22444,2823,8709,906,152,61.7,9.6,4661900,24.1,13.8,55.4,44.6,68.4,2.8,26.1,1,0.5,1.3,41.3,28.8,71,2.1,11.2,4731,0.1,5.8,11.8,269,9,10.4,31.2,11.9,83.1,11.2,32.2,53.5,21.6,22.1,12,13.7,789,546,24,8059,30.9,1630,2.5,2.5,0,87,453,4083,9.8,68.4,12.4,1617,34.7,8.2,35,29871,619,19316,23.5,32.6,61.8,8,1799,12.9,0,9,30.5,13507625,4189437,50.9,353,13,10127,1309,479024,2464,71.6,29411,"",0.467,15.7,21.7,9571,9,12.1,10.8,10.9,7.3,30.8,15.5,26.1,0.6,10.8,16.1
Alaska,41.17,5.27,78.3,8.4,91.6,27.3,9.7,84.9,31774,5.13,5.15,5.54,6.7,5.7,86.4,57,72.8,30.9,13.4,3.7,106.3,13.9,43,9.2,13.5,34.5,27.2,33.5,69.1,45.8,12970,28837,3119,12781,1252,162,83.4,10.9,686293,26.2,7.3,65.6,34.4,65.6,6.2,3.4,4.6,12.5,7.8,38,34.2,65,5.7,10.1,2749,0.41,4.5,14.4,3230,6.5,5.7,34.8,12.4,79.2,6.7,27.1,44.3,24.2,21.5,15.9,20.8,57,69,81,15348,21.5,215,2.1,2,-5,21,652,2932,6.1,59.4,20,441,64.3,25.1,106,5223,357,55524,31.3,46.2,68.1,-1.4,1785,21.7,1,2,69,206203909,200589823,106.01,1,6,4920,40,1177491,1763,78.7,43640,7.75,0.403,8.4,11,13654,155,8.2,8.3,22.3,1.3,34.1,16.3,25.2,0.9,12.7,10.8
Arizona,43.92,5.11,79.9,16.2,83.8,25.1,9.2,84.2,29049,5.8,4.61,4.92,7.8,7.1,75.5,67.6,75.3,30.4,23,8.6,92.1,22.5,32.4,11.5,11.5,47.5,24.7,29,69.6,45,13995,21813,1612,7610,413,128,74.3,10.6,6500180,26.3,13.3,88.2,11.8,58.2,30.1,3.5,2.3,4.1,1.9,46.4,37.4,68.1,4.2,59.1,12264,0.21,6.6,13.1,206,6.7,7.1,28.9,12,84.6,7.8,25.6,62,22.3,15.9,15.6,21,841,528,106,9930,32.5,1996,1.9,2.3,17.4,123,447,4291,8.9,76.1,16,1673,25.7,2.1,36,38988,565,26316,22.4,34.3,56.2,3.9,1635,31.1,2,8,15.1,21492996,17366164,5.37,14,9,630,0,250089,1172,74.1,32343,7.25,0.453,14.7,20.8,7519,18,9.5,9.6,6.5,5,32.9,19.1,27.2,0.4,11.2,9.1
Arkansas,36.88,3.87,76.1,18,82,18.8,6.3,83,23471,4.2,3.98,3.44,9.5,9.1,71.8,50.2,71.2,25.6,28.7,12.5,79.7,21.1,49.8,5.8,13.5,57.2,28.8,27,74.4,56.7,11669,21053,2128,8702,962,86,63.4,12,2855390,24.6,14.3,52.5,47.5,75.6,5.5,15.5,1,0.5,1.9,42.3,26.9,67.4,2.5,15.4,5626,0.2,5,12.6,317,8.3,9.1,45.9,14.4,81.4,9.5,29.5,62.3,20.4,22.3,12.6,19.2,496,363,17,8826,44.8,753,2.3,2,-15,70,503,3835,8.5,68.4,13.3,1395,48.9,13.2,36,14552,507,27007,21.2,24.5,53.4,-0.4,2135,23,1,5,21.3,3455259,325555,1,132,9,15923,0,414124,4611,71.9,27753,6.25,0.459,17.3,24.9,7655,130,13.1,7.7,4.2,5.5,29.4,16.3,25.9,1.1,9.8,17.5
California,59.16,5.56,80.4,19.8,80.2,29.6,10.8,89.5,31008,5.99,5.3,5.37,8.5,6.9,49.6,49.2,76.3,29.3,20.1,8.7,123.6,26.6,50.8,24.2,10.7,52.3,23.7,23.4,70.7,56.1,15683,37017,586,9283,446,191,75.6,8.3,36756666,25.5,11.2,94.4,5.6,42,36.6,5.9,12.2,0.4,2.8,52.1,51.8,57,7.9,52.1,170270,0.47,10,11.9,257,5.2,6.9,23.5,10.2,86.8,8.5,24.3,39.9,26.1,14,15.6,20.4,4369,5107,106,7054,33,6087,1.1,1.1,0,570,504,2940,6.9,73.8,9.2,8903,24.2,9.1,37,173320,471,56554,22.6,31.5,61.7,4.9,1047,27.5,21,34,10.8,17906862,8071051,0.78,197,94,20620,2015,234158,1433,74,42064,8,0.473,13.3,18.5,7006,271,6,12.4,17.2,5.4,35.8,17.7,25.3,1.4,8.6,11.2
Colorado,51.23,5.65,79.9,11.1,88.9,35.6,12.7,87.5,30853,5.8,5.81,5.34,6,9,66.3,51.1,59.8,23.4,18,8.4,66.4,23.2,48.9,10.9,10.2,35.4,40.2,39.7,76.6,63.6,14240,29331,2197,8593,709,187,76.1,7.7,4939456,24.4,10.3,84.5,15.5,70.8,20.2,3.6,2.5,0.6,2.3,47.3,38.5,67.5,2.5,29.7,21730,0.47,6.4,11.3,285,6.3,9,21.2,11,86.5,6,19.1,43.8,26.6,17.6,16,17.8,558,271,66,9528,16.4,1041,1.6,1.6,0,76,343,2849,3.7,64.1,15.2,2098,42.5,9.3,23,23130,468,32425,30.9,42.7,69.8,4.6,817,37,2,7,19.5,6295753,5919746,0.92,6,18,10871,1177,300243,3283,79.2,41102,7.24,0.457,11.4,15.1,7222,7,5,8,7,5.4,38.1,16.4,24.8,0.5,10.8,9.4
Connecticut,58.05,6.3,80.2,11.4,88.6,35.6,15.2,92.1,36827,5.91,6.44,6.57,6.8,8.1,47.4,35.6,57.6,18.2,14.3,7.6,100.4,24.9,64.4,5.2,12.1,30,42.4,39.8,81.8,62.9,17364,42268,2982,14165,753,209,82,5.8,3501252,23.2,13.7,87.7,12.3,73.6,12,9,3.4,0.2,1.8,48.2,39.6,69,1.9,20.2,5357,0.15,7.8,8.8,449,5.5,8.1,23,8.8,88.2,6.8,21.4,23.5,36.1,15.9,16.6,11.1,537,329,191,12964,23.9,388,0.8,0.8,0,35,298,2459,3.9,48,8,674,19.3,11.9,57,21099,411,33461,29.8,37.4,67.1,3.2,858,32.1,1,6,12.6,1027151,321708,0.13,4,14,8052,1305,265316,1211,79,50758,8.25,0.486,9.3,12.5,8756,136,6.4,8.9,17.3,2.8,40.2,16.7,24.9,0.2,7.7,10.2
Delaware,58.61,5.33,78.3,12.8,87.2,27.5,10.8,88.4,31320,5.13,5.4,5.44,8.3,9.3,52.3,52.7,64.9,28.1,14.2,7.7,94,23,47.3,5.7,15.2,42.7,35.1,31.7,71.9,66.3,17185,21454,2684,12196,421,153,76.5,8.5,873092,23.6,13.9,80.1,19.9,68.2,6.8,20.2,2.9,0.3,1.7,47.5,31.3,73.5,1.7,11.3,1108,0.13,7.5,10.6,830,9,9.3,17.2,8.6,84.3,8.3,27.8,41.9,26.2,17.8,17.9,12.6,136,82,121,12085,24.9,146,0.8,1.2,33.3,16,703,3585,6.1,62.2,10.4,366,41.9,11,119,7362,473,36539,22.1,32.9,66.1,3,2428,25.8,0,3,20.4,592012,73886,18.96,968,14,2032,280,368262,1357,76.9,56401,7.25,0.447,10,13.6,6862,27,8.4,8.8,11.9,3.3,36.8,17.4,26.4,0.3,9.5,9.7
District of Columbia,91.12,6.21,75.6,14.2,85.8,48.2,26.7,92.7,40342,4,7.44,7.2,8,11.1,63.1,26.4,83.2,45.1,25.7,15.2,120.3,23.7,73.6,8.5,14.8,68.6,16.8,11.2,54.9,56.3,"",37554,"",16086,"",624,73.3,8.8,591833,18.9,11.9,100,0,32.8,8.6,52.8,3.3,0.3,2.1,45.5,37.8,43.4,2.5,9,5518,1,9.3,6.6,"",12.2,11.1,32.6,11.9,84.6,8,22.3,48.4,73.2,16.2,17.9,10.8,74,143,207,"",41.8,40,0.4,0.4,0,8,1438,5105,23.3,"",5.1,186,31.4,23.6,"","","","",28.4,43,60.6,11.6,"","",1,0,6.7,266,114,"","",1,"","",328318,19,75.8,126407,8.25,0.54,17.2,25.9,68939,"",14.9,10.4,10.4,1.8,55.6,16,20.1,0.1,3,5.2
Florida,50.01,5.07,79.7,14.8,85.2,25.8,9,86.9,27366,5.71,5,4.51,9.5,8.7,68.8,48.4,64.2,35,21.3,10.4,106.4,27.3,51.6,8.6,14.6,49.6,35.8,29,65,60.2,11506,28185,2099,8885,349,87,75,9.7,18328340,21.8,17.4,89.3,10.7,60.1,21,14.8,2.2,0.2,1.6,53.7,44.9,69.7,2.7,55,60867,0.34,7.1,10.3,423,7.2,8.7,34.8,9,88.5,9.5,25.2,45.2,25.5,17.5,13,23.8,3133,1638,53,8773,23.3,5147,2.1,2.2,4.5,252,689,4141,7,"",12.6,5972,32.6,12.8,26,100494,548,30649,19.9,30,67.5,4.8,1629,23.8,6,21,14.2,5541706,647570,0.5,51,52,4742,663,256737,1153,75,32925,7.25,0.471,13.2,18.3,7905,8,7.8,11.7,5.8,5,32.8,19.2,28.3,0.7,10,8.9
Georgia,45.49,4.86,77.1,16.1,83.9,27.5,9.7,86.1,29453,4.62,4.95,5.02,9.9,9.1,64.4,49.1,70.7,35.9,23.6,11.9,92.1,22.4,50.9,4.9,10.9,53,29.4,26.8,64.1,68.6,11540,30594,1890,9439,298,157,73,10.8,9685744,26.3,10.1,71.6,28.4,57.9,7.9,29.6,2.8,0.2,1.5,45.3,33.6,67.4,3,34.7,27161,0.3,9.3,11.9,319,8.4,9.1,32.7,13,79,9.9,27.8,54.2,21.4,19.5,14,19.3,1111,1185,50,6256,30,3119,2,2.4,16.7,171,479,4016,7.1,71.7,10,2195,22.7,10.3,28,54016,542,22530,21.8,36.9,61.5,9.4,4002,19.5,0,15,19.3,6934144,950428,0.65,445,15,22693,176,352087,671,74.5,34017,5.15,0.467,14.7,20.1,6910,55,10.4,10.2,4.6,7.3,34.5,16.1,25.7,0.6,9.8,13.4
Hawaii,70.54,5.73,81.5,9.7,90.3,29.1,9.9,85,31766,6.45,5.19,5.54,8.2,8,46.5,45.4,74.3,24.6,12.2,6.8,113.8,26.6,54.6,10.3,11.2,41.7,25.7,25.3,75.4,55.1,13434,22957,1757,11470,875,216,78.9,9.4,1288198,22.1,14.8,91.5,8.5,24.8,8.7,2.3,37.6,0.1,26.5,50.4,45.7,59.1,8.4,28.7,5943,0.47,8.6,16.2,770,6.7,8,29.6,8.4,81.5,8.2,23.1,40.5,31.7,15.4,17.6,9.1,189,41,100,25902,27.1,260,1.7,1.5,-13.3,29,273,3571,2.1,10,9.2,365,28.3,6.7,11,6003,332,39314,22,29.5,50.5,4.8,595,32.9,1,3,18.1,137191,43593,0.1,5,3,37055,200,257939,1674,78.6,38644,7.25,0.428,9.1,10,10555,72,7.5,6.6,23.5,2.3,33,22.5,26.3,0.8,10.4,7.1
Idaho,32.64,4.65,79.2,12.1,87.9,24,7.4,83.9,24776,5.5,4.62,3.82,7,6.5,63.1,63.4,67.7,19.6,19.6,7.6,78.5,16.7,36.6,6.4,10.2,39.7,32.3,38.4,80.4,45.8,10408,11724,2242,6894,324,74,77.5,8.2,1523816,27.1,12,66.4,33.6,85.1,10.2,0.5,1.2,0.9,2.1,41.3,33.9,70.9,2.2,44.2,5424,0.38,4.9,12.9,409,6.1,6.5,32.8,11.4,77.6,7,25.2,39.2,17.9,16.9,13.1,16.9,207,119,27,10076,22.9,446,1.8,2.1,14.3,34,229,2101,2.6,67.6,15.6,551,36.2,4.4,31,7338,482,33252,33.7,38.8,63.4,0.3,3038,24.8,0,4,10.5,11132013,8451447,4.39,11,6,57835,546,359116,15359,76.4,29890,7.25,0.419,12.6,15.8,6797,10,6.5,9,6.3,4.7,32.2,16.4,24.9,2.6,11,12.9
Illinois,57.52,5.39,78.8,14.1,85.9,29.9,11.2,88.6,30964,5.32,5.49,5.36,8.3,8.5,49.6,44,67.7,20.5,20,9.2,90.8,24.1,56,9,15,40,32.3,33.1,79.5,60.4,18213,32359,2519,9951,217,153,74.2,7.4,12901564,24.6,12.2,87.8,12.2,64.5,15.3,14.4,4.2,0.1,1.5,45.6,38.7,69.3,2.7,35.8,16599,0.13,11.7,9.4,315,7.5,8.5,26.7,9.5,82.2,8.3,26.9,39.5,27.7,21.3,19.4,14.6,1741,1454,185,9508,29.1,2220,1.3,1.2,-8.3,207,525,2933,6.7,75.7,7.8,4118,31.9,9.4,34,45675,"",31221,26.6,37.2,62.9,2.3,464,27.7,4,17,19,7903629,2324807,0.94,141,44,493,313,312341,1341,77.1,40006,8.25,0.467,12.2,17,6433,10,10.1,10.8,17.5,5.6,35.1,16.5,25.9,0.3,8,14.2
Indiana,43.74,4.74,77.7,13.8,86.2,22.9,8.1,85.9,27677,4.88,4.75,4.59,9.6,8.5,58.1,59.8,66.3,26.1,22.3,8.3,85.7,22.5,40.2,4.4,16.8,41.8,33.7,36.2,73.9,63.9,14973,31310,2930,9416,300,150,69.5,7.6,6376792,24.9,12.8,70.8,29.2,83.1,5.2,8.5,1.3,0.2,1.8,43.5,26.7,71.8,1.7,20.3,9857,0.16,5.8,10.1,375,7.9,8.5,30,10.2,85.3,9.6,27,43.5,22.1,26,16.1,13.4,941,594,25,8842,31.1,1518,1.6,1.7,5.9,122,334,3336,5.9,72.2,13,1720,27,13.8,32,27380,429,26808,26.6,41.9,59.3,8.2,543,21.3,0,11,36.7,23204261,7161841,1.79,345,32,7301,0,473672,1679,76.7,32917,7.25,0.437,13.1,18.3,6939,51,9.7,10,10.6,7.4,31.9,16.2,24.3,0.4,9.2,17.9
Iowa,51.89,5.06,79.7,9.7,90.3,24.3,7.3,87.3,26857,5.7,5.11,4.38,7,6.8,51,49.4,65.8,13.5,17.7,8.3,57.2,21,50.6,4.2,13.8,34,34.2,33.9,86.5,60.9,13831,25280,3415,9117,1354,176,73.2,4.4,3002557,23.7,14.8,61.1,38.9,90.2,4.1,2.5,1.5,0.2,1.4,39.7,25.1,72.9,1.6,4.4,8130,0.27,3.3,11,367,5.4,6.8,27.5,11.7,84.2,7,26.7,32.9,21.4,18.8,20.2,10.7,500,308,83,9390,25.1,588,1.4,1.4,0,56,284,2421,2.5,55.3,11.1,888,29.6,15.7,29,8778,291,47505,36,42.4,70,0.1,1036,23.3,0,7,26.9,2911959,574438,1.56,23,11,1986,0,409300,1278,82.4,36773,7.25,0.428,11.5,14.4,7344,45,8.6,6.8,11.1,3.3,32.8,16.4,24.3,1.1,8.7,16.7
Kansas,37.99,5.06,78.4,10.5,89.5,29.6,10.1,87.2,27690,5.17,5.43,4.59,8.1,6,60.3,52.5,64.9,21.1,17.9,8.1,68,19.7,47.5,7.2,14,42.9,35.1,39.5,78.9,65.6,12012,23842,2091,9585,793,144,75.8,5.1,2802134,25,13.1,71.4,28.6,80.2,9.1,5.5,2.1,0.6,2.5,40.3,25.8,69.4,1.8,7.4,5278,0.19,3.5,10.3,485,7.1,6,24.3,13,85.7,8.1,28.1,42,23.6,17.9,13.8,14.1,412,251,32,9450,26.7,689,2,1.7,-17.6,55,411,3377,4.1,54.7,13.8,1190,42.5,2.4,44,8333,308,47162,33.4,38,62.6,1.6,1009,30.3,1,5,26.1,2726782,251868,1.08,13,11,"",6761,404090,1546,80.9,35013,7.25,0.442,11.3,14.5,7809,20,6.7,6.5,6.2,3.8,35.6,15.9,24.7,0.7,9.5,13.6
Kentucky,37.81,4.23,76.2,18.7,81.3,19.7,7.9,85.5,25861,4.25,4.34,4.12,9.9,9.3,76.3,51.5,63.8,23.6,27.6,13.8,93.4,21.2,48.5,2.2,16.1,51.6,36.2,27.2,76.4,61.5,13190,23691,2929,8235,1300,119,65.5,10.1,4269245,23.6,13.3,55.8,44.2,87.8,2.3,7.4,1,0.1,1.4,40.7,27.7,69.5,1.5,6,4934,0.12,5.5,11.3,505,6.8,9.3,28.6,12.7,86,9.9,30.3,56.4,23,25.2,11.3,16.9,711,641,62,7069,34,927,1.8,1.7,-5.9,87,296,2584,4.6,70.1,14.6,1408,33,18.1,44,21610,488,26469,22.6,30.9,57.8,-1.5,1550,15.9,0,8,36.3,9474980,1339352,1.41,2640,14,3144,3150,472577,1160,70.7,29740,7.25,0.467,17.3,23.5,8945,38,14.7,10.4,8.6,5.7,30.6,16.3,25.4,0.7,10,17
Louisiana,40.56,4.07,75.4,18.8,81.2,20.3,6.5,83.3,26357,3.91,4.05,4.25,10.7,11,83.4,45,81.7,38.7,29.5,13.5,70.6,22.7,55,1.8,12.6,65.3,18.4,20.3,61.3,63.9,10384,32013,1713,9269,653,150,65.8,10.9,4410796,25.1,12.2,72.6,27.4,61.8,3.4,31.7,1.5,0.6,1.2,43.5,28.7,68.5,2.7,9.8,5476,0.12,7.8,10.9,484,9.8,11,42.4,11.7,87.7,10.7,29,53.9,25.5,20.5,13.5,21.9,639,778,25,6650,35.5,922,1.5,1.4,-7.1,99,656,3823,12.8,77.4,11.6,1232,27.9,9.2,71,38137,858,21344,20.7,30.4,62.2,1.8,2410,15.3,1,8,43.8,21255336,1575659,23.14,1041,9,"",0,850341,2890,71,32842,"",0.477,17.3,24.7,16357,36,17.6,6.9,5.8,4,30.8,18.3,25.3,0.6,12.5,12.4
Maine,55.96,4.89,78.7,10.3,89.7,25.4,8.9,87.3,26120,5.28,5.21,4.18,8.3,6.3,58.8,60.9,64.5,21.5,19.5,9.2,96.1,23.4,39.1,2.2,17.3,37,35.5,35.3,78.5,61.1,16112,34784,3272,12075,208,97,77.7,7.8,1316456,20.9,15.1,40.2,59.8,95.2,1,0.9,0.8,0.5,1.6,47.3,33.4,72.1,1.1,5.9,2775,0.21,6.5,10.9,425,5.9,6.3,24.6,13.3,90.3,8.3,25.9,25.8,31.5,18.2,15.8,11.3,247,167,206,12521,34.3,369,2.3,2.2,-4.5,37,118,2452,1.5,36.8,11,375,28.5,14.7,50,2246,133,69902,31.1,38.7,71.3,-3.4,"",29,3,1,17.4,745090,49556,0.09,10,12,674572,83,366952,517,77.5,30637,7.5,0.436,12.3,15.8,8350,134,13.1,8,11.7,2.8,32.8,18,24.9,1.5,10,12.7
Maryland,61.29,5.96,78.1,12,88,35.2,15.4,90.3,37320,5.04,6.19,6.66,8.7,9.1,46.5,48.3,62.9,20,11.5,8.2,81.6,21.9,51.7,4.7,12.3,34.7,37.1,40.1,80,66.3,16111,38453,3071,12418,793,488,78.7,8.3,5633597,23.8,12.1,86.1,13.9,57.5,6.6,28.5,5,0.2,2.1,46.9,35,69.5,1.8,23.3,7995,0.14,13.9,10.8,613,8,9.1,32.5,8.6,89.1,8.7,26.7,33.6,40,14.9,13.8,14.4,723,399,116,14080,21.9,952,1.2,1.2,0,95,628,3518,10.2,75.9,8.6,1127,20,"",69,23293,402,55682,27.1,40,67.6,7.5,1741,30.9,2,8,15,171767,365272,1.37,163,18,2014,1116,275676,1505,79.7,39205,7.25,0.438,8.1,10.2,12256,98,6.3,7.2,12.6,4.4,42.6,15.9,24.3,0.3,8.8,8.2
Massachusetts,60.76,6.24,80.1,11.3,88.7,38.1,16.4,91.5,35533,5.88,6.53,6.32,7.2,7.9,42.2,37.7,52.8,19.2,13.3,10.2,70.5,23.3,62.3,5.1,17.6,30.7,47.2,51.7,80.8,72.6,17112,43522,3255,13333,658,350,81.7,5.3,6497967,22,13.4,91.4,8.6,78.5,8.6,5.7,4.9,0.2,2.1,46.5,41.8,64.5,2,21.8,14730,0.23,9.8,8.6,379,4.9,7.9,15.5,8,87.2,7.2,21.5,21.3,43.2,16.1,17.7,6.1,997,715,133,11534,27.3,873,0.9,1,10,103,449,2400,2.9,55,6.7,1736,26.7,29.1,81,11662,252,106671,25.7,32.9,66.1,3,216,26,1,11,13,754189,128323,0.03,8,31,7641,2140,239816,625,78.9,48088,8,0.471,10,12,8944,210,7.7,9.2,16.6,3.1,42,16.6,24.9,0.2,7.3,9.1
Michigan,54.3,4.99,77.9,11.9,88.1,24.7,9.4,91.2,27125,4.95,5.57,4.45,9.1,8.2,55.6,50.7,70.3,23,22.2,8.7,118.1,26.9,49.3,3.7,14,41.4,29.7,30.5,77,64.5,17039,22862,2255,10290,242,159,73.8,8.5,10003422,23.9,13,74.7,25.3,77.3,4.1,13.8,2.3,0.5,2,48.8,35.2,74,1.7,42.3,26124,0.26,6,9.4,346,8,8.2,24,11.8,86.4,9.1,29.5,33.8,28.1,20.5,17.7,13.1,1541,1172,64,8319,29.1,2176,1.6,1.5,-6.7,182,502,2935,7.2,68.7,11.1,4502,45,12.4,33,50233,505,46643,26.8,37.7,68.8,3.3,677,25,3,14,18.8,6585369,791632,0.74,7239,66,120548,463,308768,1298,74,32601,7.4,0.451,14.4,19.4,6665,49,12.6,13.6,18.8,6.7,33.1,18,25.3,0.6,7.6,15.5
Minnesota,52.65,5.74,80.9,8.4,91.6,31.5,10,87,31442,6.19,5.58,5.47,5.9,6.7,52.5,53.7,62.8,13.5,13.2,8.6,78.3,21.5,46.3,7.4,14.4,32.7,37.2,46.9,86.5,67.8,15105,31706,4614,9945,584,134,77.8,4.1,5220393,24,12.5,70.9,29.1,85.3,4.1,4.4,3.5,1,1.7,46.4,33.9,74.7,1.7,14,7313,0.14,5.2,9.4,507,4.8,6.7,23.1,9.5,87.3,5.9,25.2,27.9,28.4,17.6,19.8,9.6,729,455,215,14154,21.7,733,0.9,1,10,79,263,2851,2.5,63.5,10.6,1805,34.6,4.6,51,9964,191,52288,35.7,44.3,78.1,-0.4,1929,34.8,3,7,19.5,2220721,429970,0.36,179,25,59531,322,359110,887,82.7,41573,6.15,0.445,9.6,11.4,6189,71,5.6,7,15.1,3.9,37.5,15.4,25.1,0.7,8,13.3
Mississippi,43.55,3.93,74.8,20.1,79.9,19.4,6.8,86.7,24620,3.67,4.35,3.77,11.3,12.3,86.6,45.5,78.3,36.4,33,16.9,126.7,22.6,54.5,1.3,13.1,68.6,21.7,15.2,63.6,75.4,11047,19358,1770,7735,893,138,56.6,9,2938618,26.1,12.6,48.8,51.2,58.6,2,37.4,0.8,0.4,0.9,43,33.1,70.1,2.7,2.9,1652,0.06,6.7,12.3,527,10.7,12.3,54.2,17.4,82.4,11.3,33.4,68.4,18.1,22.7,10.8,20.7,469,510,44,6192,41.4,684,1.3,1.6,18.8,64,285,2940,11,69.6,11.4,890,30.3,10.4,35,22764,749,15331,22.9,38.1,61.1,9.7,1613,14.4,0,6,21.7,6770072,1094970,0.6,1970,4,"",0,420630,1131,70.1,24403,"",0.478,21.2,30.4,14574,9,15.1,11.4,4.8,4.8,30.1,17.1,24.2,0.9,11.3,16.3
Missouri,44.26,4.68,77.4,13.5,86.5,25,9.1,85.9,26801,4.77,4.91,4.36,9.1,7.8,70,57,64.3,18.1,22.6,9.3,70.7,20,43,1.8,14.5,40.7,35.7,35.5,81.9,57.7,14009,26509,2456,9175,202,162,69.5,8.1,5911605,24,13.6,69.4,30.6,82.1,3.2,11.1,1.4,0.3,1.9,41.1,28.7,70.1,1.6,13.6,7135,0.12,5.4,11.1,397,7.6,7.8,35,12.9,82,9.1,29.1,45.7,26.2,25,15.3,14.4,946,636,25,11495,28.9,1562,2,1.9,-5.3,111,504,3664,7.1,70.1,13.5,1615,27.3,3.9,32,30466,515,20121,27.6,34.1,67.9,4,1685,22.3,2,9,24.1,29529729,27030661,1.23,29,30,154,901,321911,1698,77.1,32779,7.25,0.448,13.4,18.6,8952,28,14.8,9.3,9.4,5.1,33.6,16.9,25.6,0.6,9.4,13.8
Montana,41.55,4.49,78.4,9.1,90.9,27.1,8.4,81.8,24033,5.15,4.71,3.61,6.5,7.2,84.3,62.8,65.4,18.5,23.6,8.9,55,18.9,37.2,3.2,12.4,36.8,34.6,43.6,81.5,56.4,11970,22884,3092,9532,545,192,69.6,9.8,967440,22.8,14.2,54.1,45.9,87.9,2.8,0.5,0.6,5.9,2.3,40.4,34.7,68.5,2.2,6.4,1343,0.14,4.1,11.4,614,6.4,7.2,36.2,9.5,74.4,6.5,24.3,39.6,22.9,18.5,17.7,18.5,156,101,56,7089,29.3,286,2.4,2.1,-14.3,37,258,2603,3.8,29.4,19.7,294,30.4,7.4,42,3592,368,46771,30.9,42.1,66.4,3.1,476,26,0,3,37,9678546,7737974,4.42,7,15,170749,1277,434759,12088,76.8,28170,7.25,0.449,14.8,20.6,8464,40,8.2,7.2,13.9,2.7,33.8,18.1,24.9,1.5,11.5,10.3
Nebraska,37.83,5.05,79.2,9.9,90.1,27.1,8.6,87.6,26659,5.49,5.33,4.33,7.8,7,50.9,55,65.2,13.7,16.3,9.8,58.8,17.5,45,6.3,15.1,38.4,34.8,34.6,86.3,64.3,12641,23722,2220,10441,1077,211,77,3.9,1783432,25.1,13.5,69.8,30.2,84.2,7.8,4,1.5,0.7,1.9,37.7,27.5,69.3,1.6,3.5,3350,0.19,3,10.2,339,5.9,7,26.2,9.5,84.9,7.8,27.2,33.4,24.1,18.4,19.1,14.1,268,191,58,8084,23.1,386,1.5,1.5,0,51,304,2879,3.1,38.5,11.2,583,32.7,10.4,44,4419,238,50238,34.9,39,62.6,-0.5,1078,20.4,0,5,24.5,1512690,673728,1.29,3,13,"",0,373806,8049,83,37326,7.25,0.427,10.8,13.4,7895,33,6.7,4.9,9.2,4,33.9,16.3,25.5,1.5,8.7,14
Nevada,52.3,4.78,77.6,16.5,83.5,21.9,7,81.9,31122,4.83,4.1,5.4,8.6,8.2,76.2,71.6,76,48,17.3,8.6,79.6,21.5,28.4,17.5,11.1,39.1,24,24.8,52,52.2,12869,25897,1920,8095,390,73,76,11.3,2600167,25.7,11.4,91.5,8.5,57,25.7,7.1,5.9,1.1,3.1,47.3,45.4,59.7,4.5,143.9,16402,0.68,5.6,12.1,572,5.9,8.2,34.8,10.4,76,8.6,25.6,55.8,19.6,22.2,18.8,20.2,318,109,88,10431,15.7,774,2.1,2.4,12.5,50,725,3448,8.9,60.2,19.5,1102,42.4,7.3,39,12915,497,29810,19,24.4,58.5,5.8,1185,31.7,2,3,19.3,153143381,90940251,2042.52,7,1,111,579,297730,1108,77.7,39687,6.55,0.431,11.3,15,5859,22,5.5,14,15.7,10.9,27.2,25.6,25.9,0.2,11.7,9.4
New Hampshire,51.97,5.73,79.7,9.1,90.9,33.3,12,88.1,32207,5.71,5.85,5.64,7.2,6.3,52.4,48.5,58.7,18.3,10.6,8.3,83.9,19.9,51.5,2.1,15.2,20.5,41.3,43.3,81.7,64.6,19242,36786,6001,11446,182,230,84.7,3.9,1315809,22.3,12.9,59.3,40.7,93,2.6,0.9,2,0.1,1.3,44.9,39,72.3,1.5,17.8,3233,0.25,9.4,8.4,411,5,6.3,18,7.7,90,7.2,24.9,18.7,27.7,17.1,16.5,11.6,204,100,49,12500,18.3,252,1.4,1.4,0,33,157,2092,1.6,37.5,11,391,29.7,3.8,35,2827,213,37496,26.6,38.4,71.1,0.3,273,37,2,2,16,73874,13600,0.22,1,20,217424,611,263234,1137,81.2,38420,7.25,0.419,7.6,9,6763,57,4.8,6.4,10.8,3.5,38.9,15.4,25.2,0.4,8.9,11.2
New Jersey,57.95,6.16,79.7,12.6,87.4,34.4,12.8,90.8,37707,5.69,6.07,6.73,8.4,8.5,39.3,32.7,59.8,15.6,14.2,7.9,93.6,24,67.3,3.9,16.2,30,40.3,44.4,84.4,70.2,20735,37156,3193,16762,411,101,83,6.5,8682661,23.6,13.3,94.4,5.6,61.4,16.3,13,7.6,0.1,1.5,47.5,44.7,67,4,19,19385,0.22,13.9,9.1,488,5.4,8.5,20.4,8.8,80.6,8.4,23.6,24.9,33,14.8,14,16.9,1257,714,200,13317,17.3,999,0.8,0.9,11.1,92,327,2293,5.3,66,6.5,1122,12.9,4.4,62,26490,305,62892,20.1,32.3,66.1,3.6,1619,29.2,0,15,15.5,1114619,292871,0.13,40,112,5498,3014,304378,960,77.9,44957,7.25,0.462,8.7,12.5,7070,45,5,9.7,19.3,4,39.3,15.8,26.6,0.1,7.9,10.4
New Mexico,52.84,4.56,78.2,17.6,82.4,24.7,10.7,86.6,24495,5.09,4.86,3.74,7.9,8.8,97.9,57.1,80.2,40.9,29.1,13.4,67.5,22,42.9,16.3,13.9,61.6,19.8,20.2,59.1,71.1,11266,25458,1272,9177,1363,210,65,9.7,1984356,25.3,13.1,75,25,41.6,44.9,1.9,1.3,8.6,1.7,42.7,31,69.2,3.2,10.3,5256,0.27,5.7,12.7,565,6.1,8.8,41.5,15,85.2,7.9,25.7,64.1,23.8,19.4,11.4,26,285,318,67,8494,35.4,528,1.6,1.8,11.1,48,650,3909,7,49.6,18,1139,57.4,11.3,60,6330,307,45972,22.9,42.2,60.3,2.2,1191,30.4,0,5,29.9,9165816,8566014,0.99,4,13,7706,16,360589,1951,72.9,30935,7.5,0.46,17.1,24.2,10784,61,11.9,8.4,6.7,2.9,33.8,18.2,24.3,1.2,12,10.5
New York,62.62,5.77,80.4,15.9,84.1,31.9,13.8,89.7,31963,5.98,5.74,5.58,8.4,8.2,37.2,39.9,64,31.2,20,11.8,108.6,25.8,60.1,6.7,16.2,46.1,36,33.7,68.8,75,14865,38488,3525,16122,421,208,76.9,7.3,19490297,22.6,13.4,87.5,12.5,59.7,16.7,14.7,6.9,0.3,1.7,47.9,40.9,55.3,4.7,5.5,61094,0.32,16.6,7.7,300,6,8.2,22.3,9.9,84.4,8.4,25.1,25.7,38.2,16.8,14.7,15.3,2841,3281,150,9461,34.3,2971,1.1,1.1,0,241,398,1994,5,57.6,6.6,2801,14.4,19.1,41,62211,317,54154,19.1,31.2,58.2,0.3,774,24.1,7,24,11,2487402,537896,0.39,166,86,135820,1444,220890,879,74.4,49499,7.25,0.503,13.6,19.1,7932,184,10,8.3,25.2,2.8,37.3,19.4,25.7,0.3,7.5,9.9
North Carolina,48.29,4.64,77.2,16.4,83.6,26.1,8.6,86.5,26943,4.66,4.87,4.4,9.3,9.2,69,50.5,67.8,31.4,22.5,11.4,84.1,20.9,49.5,7.6,12.6,33.2,32.3,35.6,68.6,65.7,11333,30963,1404,8170,532,215,69.1,8.4,9222414,24.3,12.4,60.2,39.8,67.1,7.4,21,1.8,1,1.7,41.8,31.3,68.2,2.1,9.3,10765,0.12,5.4,11.5,361,8.6,9.2,28.7,12.6,84.1,9.3,29.5,49.7,24.7,20.9,12.9,18.1,1359,1130,49,9287,30.3,2650,2.1,2.2,4.5,141,467,4044,7,62.4,12.2,2284,24.8,11,64,39042,366,35449,22.5,32.9,65.8,13.8,1364,25.9,3,12,16.9,6510386,1103298,0.61,316,35,6696,761,318046,1661,75.8,35719,7.25,0.463,14.6,19.9,6992,26,10.1,10.3,3.1,2.8,33.9,16.2,24.4,0.8,10.6,14.1
North Dakota,38.7,4.92,80.1,10.4,89.6,26.9,6.6,82.8,26224,5.88,4.67,4.21,7.6,6.3,57.2,62.4,65.2,16.9,19.1,13.1,50,17.3,37.6,4.3,14,31.7,34.8,43.1,83.1,71.9,11418,15614,4104,8992,1317,282,73.2,6.5,641481,22.3,14.7,55.9,44.1,89.8,2,0.9,0.8,5.2,1.2,34.4,23,66.6,1.6,1.7,655,0.1,3.9,10,687,6.4,6.3,28.3,6.5,81,7.6,27.8,26.5,24.5,18.1,21.6,12.5,105,61,59,8902,20.4,56,0.6,0.5,-20,18,167,1894,"",14.3,13.6,232,36.2,9,39,1450,226,49655,30.7,36.3,64.9,0.2,273,17,0,3,76.7,1547253,131434,5.12,18,0,"",0,631739,2361,82.8,37832,7.25,0.451,12,15.3,9903,15,7.5,3.6,6.8,2.4,34.5,17.1,24.3,1.7,10.3,12.1
Ohio,50.29,4.87,77.5,12.4,87.6,24.1,8.7,88.5,27805,4.8,5.19,4.62,9.9,8.7,59,53.7,64.3,21.3,22.7,8.8,102.7,22.6,46.3,2,14.6,37,35.8,35.7,78.7,59.5,16582,31611,3150,10309,264,159,72.6,6.5,11485910,23.8,13.7,77.4,22.6,82.4,2.6,11.6,1.5,0.2,1.7,44.1,31.8,69,1.2,23.5,16165,0.14,4.8,8.9,369,7.8,8.7,32.3,12.2,86.1,9.9,29.3,40,28,20.1,15.8,13.2,1805,1478,90,8907,27.3,2523,1.6,1.6,0,211,348,3412,5.9,57.3,11.2,4419,38.5,13.2,21,51160,445,39777,26.7,39.4,66.6,-0.3,560,22,5,15,23.3,17889563,4099680,1.29,427,34,436,3531,351250,1124,76.7,33568,7.25,0.45,13.4,18.5,7044,113,10,10.7,14.2,6,33.2,17,25.2,0.4,8,16.3
Oklahoma,33.23,4.15,75.6,14.5,85.5,22.2,7.2,84.5,25283,4,4.49,3.96,10.1,8.2,81.6,54,72.3,22.2,25.9,10.9,64.8,19.7,46,5.9,14.6,56.2,27.7,23.8,77.8,59.6,12333,24762,2531,7705,669,91,65.2,7.9,3642361,24.9,13.5,65.3,34.7,71.3,7.7,7.1,1.7,6.2,6.1,40,26.8,67.2,2.6,12.2,4869,0.14,4.6,11.9,265,7.9,8.2,40.9,13,78.7,10.1,31,59.6,20.7,24.7,12.2,18.4,565,358,47,9469,34.7,1012,2.3,1.9,-21.1,91,527,3442,6.4,69,15,1466,40.2,12.3,41,26155,668,20990,27.8,35.8,56.6,-2.9,1612,11.4,1,6,29.3,4447300,1248558,5.59,104,8,"",0,422545,549,73.8,29359,7.25,0.458,15.9,22.6,8130,63,11.4,6.7,5.7,3.7,31.9,16.8,25.4,0.7,11.5,13.6
Oregon,54.13,5.03,79,11.4,88.6,28.1,10.1,85.8,27285,5.43,5.17,4.49,6.9,6.1,60.7,56.3,69.1,26.2,21.2,8.7,92.7,24,43.7,11.2,14.1,45.4,30.9,36.6,73.8,47.7,15179,33763,2937,9290,716,157,80.6,9.4,3790060,22.9,13.3,78.7,21.3,79.9,11,1.7,3.4,0.9,3.1,47.4,39.1,64.3,2.9,23.4,16221,0.45,5.6,10.8,424,5.7,6.1,23.9,12.4,79.7,6.9,25,35.7,27.3,16.3,12.8,18.9,567,450,40,7156,25.7,867,1.7,1.8,5.6,90,257,3282,3.1,60.8,15.2,1156,30.5,12.7,73,14079,370,59308,30.1,41.7,67.9,-5.7,467,28.9,0,7,11,5255829,768227,0.63,28,13,25,508,305217,2236,75.9,38801,8.4,0.447,13.6,18.1,6391,43,12.3,10.6,17,4.6,34.5,17,25.2,1.7,8.8,12.6
Pennsylvania,52.01,5.12,78.2,12.5,87.5,26.3,10,87,29891,5.07,5.17,5.12,8.8,8.4,59.6,50.3,63.4,17,19.5,9.3,86.2,22.8,49.7,2.7,16.7,33.9,36.6,39.9,83,61.6,18124,37964,3308,11309,186,209,74.3,6.4,12448279,22.2,15.3,77.1,22.9,81.2,4.8,10.1,2.4,0.1,1.4,43.6,32.6,70.8,1.3,10,15298,0.12,8.3,9.7,437,7.3,8.4,28.2,10,88.1,8.8,28.4,31,32.9,21.3,16.7,11.3,2184,1168,34,15227,26.4,2171,1.3,1.3,0,239,410,2410,6.4,71.9,10.8,3478,27.9,1.5,53,46313,368,42645,25.9,36.7,64,2.2,456,14.6,2,19,22.1,14886133,4672988,1.93,95,95,2956,2672,327923,854,75.5,35641,7.25,0.457,12.1,16.8,8324,95,9.4,9.1,15,2.8,35,16.2,25.8,0.4,8.5,14.1
Rhode Island,62.68,5.56,79.3,16.3,83.7,30,11.3,91.5,31179,5.53,5.73,5.41,7.4,8,47.3,43.5,64.4,21.6,17.2,10.9,97.1,23,56.5,"",19,39.3,35.6,27.8,78.4,54.7,17266,39072,3090,13951,798,225,77,7.3,1050788,21.7,14.1,90.9,9.1,78.4,11.6,4.7,2.8,0.4,2.1,46.5,43.5,62.4,1.5,19.1,6866,0.64,5.4,8,319,6.2,8,10.3,10.9,88.4,7.4,22.1,27.8,36.8,17.4,17.5,12.8,175,130,181,14131,28.3,151,1,1,0,12,249,2841,3.6,47.1,8.1,277,26.4,13.5,52,4190,241,47494,22.1,33.3,62.4,7,485,22.1,0,4,10.7,95134,23606,0.01,"",12,3461,339,211025,426,77.5,36283,7.4,0.46,11.7,15.5,8255,137,8.1,12.3,17.9,4.7,36,18,25.8,0.3,7.9,12
South Carolina,43.98,4.36,76.6,16.8,83.2,23.7,8.5,84.1,26247,4.4,4.47,4.22,10.1,10.1,74.9,51.1,72.4,41.1,25.9,12.1,106.5,20.9,48.9,4.4,14.2,52.5,27.6,30.2,58.9,69.5,16136,25336,3361,8884,955,129,63.4,8.2,4479800,23.8,13.3,60.5,39.5,65.1,4.1,27.9,1.1,0.2,1.6,40.8,31.8,70.6,2.3,15.3,7958,0.19,5.1,10.9,366,9,10.1,40.2,13.1,84.7,10.1,30.7,53,22.9,20,12.3,18.6,697,503,89,8897,27.4,1387,2.1,2.2,4.5,71,730,4234,9.1,69.4,11.9,1638,36.6,11.8,45,25275,537,24886,23.8,36.6,58.6,10.6,1335,10,0,8,20,7901170,1008818,0.53,41,26,73428,814,408789,2065,72.6,28364,"",0.464,15.7,21.7,7813,16,12.9,11,4.5,2.1,31.9,17.1,25,0.4,10.3,15.3
South Dakota,39.86,4.82,79.9,9.7,90.3,25.1,7.3,82.5,25717,5.77,4.62,4.08,6.6,7,57.6,61.9,67.2,17.5,21.9,10.3,58.2,17.2,38.1,2.8,14.1,34.8,32.9,41.6,82.5,72.1,11373,21697,3931,8363,721,114,70,6.2,804194,24.7,14.4,51.9,48.1,86,2.4,0.9,0.8,7.9,2,34.9,26.8,69.2,1.7,5.1,1029,0.13,2.6,9.8,616,7.2,7,40.1,9.7,84.3,6.6,28.1,40.2,22.4,17.5,17.8,13.3,129,77,52,9104,23.8,162,1.2,1.4,14.3,22,201,1646,2.9,42.9,16,432,53.7,7,39,3358,417,29780,35.8,40.9,63.8,-6.5,954,20,1,2,16.5,2351005,2111644,2.61,8,2,"",0,340512,719,82,37690,7.25,0.446,12.5,17.6,10135,36,7.7,4.6,5.5,2.2,34.2,16.9,25,1.8,9.3,12.9
Tennessee,39.07,4.33,76.2,17,83,22.9,8,85.7,26044,4.25,4.58,4.16,10.4,9.4,74.8,55.5,72,27.4,26,11.4,82.9,21.9,44.5,2.8,12.2,50.1,28,25.2,72.6,64.2,12026,27364,2778,7393,606,127,69.1,9.2,6214888,23.8,13.2,63.6,36.4,77,3.7,16.3,1.3,0.2,1.5,43,31.5,69.8,1.8,17.4,8066,0.14,5.5,10.6,245,8.9,9.4,33.9,12.8,87.7,10.4,31.2,54.7,25.9,23.1,10.5,17.1,975,1409,129,5034,34.5,1501,1.7,1.9,10.5,114,722,4043,8,70.5,14.2,2062,33.2,7.8,25,26998,434,25557,24.4,32.2,57.3,1.8,1275,18.9,1,10,20.7,14220266,6267216,1.24,1956,13,40365,125,388646,2018,74.1,33825,"",0.471,15.5,21.8,8329,18,14.5,10.4,5.1,8.4,32.2,16.5,25.6,0.5,9.6,15.6
Texas,41.37,4.67,78.3,20.4,79.6,25.3,8.3,84.2,27344,5.11,4.38,4.5,9.7,8.4,59.6,57,72.4,28.1,25.8,12.2,70,20.9,43,15.1,9.5,48.8,27.7,36.2,71.9,55.4,13222,29228,1471,8141,407,154,65.5,8.2,24326974,27.6,10.2,82.5,17.5,47.2,36.5,11.2,3.4,0.3,1.4,43.9,33.3,64.9,4.8,13.7,43630,0.19,7.4,12.4,333,6.5,8.4,31.5,14.8,83,9.7,28.9,63.1,21.4,18.5,14.7,27.7,2708,2572,26,4657,30.7,8077,2.2,2.3,4.3,481,508,3986,6.1,67.1,10.3,8014,32.9,10.6,24,173232,668,19159,22.6,32.4,54.7,1.9,2769,23.2,4,30,27.9,27761403,2510761,1.07,9488,48,13636,250,533133,1316,74.3,38044,7.25,0.474,15.8,22.5,7119,4,10.2,8.3,5.1,2.1,33.1,16.7,25.6,0.5,11.7,12.3
Utah,24.85,5.08,80.1,9.6,90.4,29.1,9.4,85.2,26126,5.87,5.19,4.19,6.1,6.7,53.4,59.5,69,23.4,11.4,6.8,74.5,18,40.5,7.9,11.6,31.7,31,35.1,76.6,46.3,10352,13482,2553,5918,496,156,83.1,6,2736424,31,9,88.2,11.8,81.7,12,1,1.9,1,2.5,40.2,33.1,71.7,3.7,45.2,3104,0.13,4.7,13.1,486,4.9,6.7,30.2,12.5,83.1,6.1,23.1,34,20.9,9.3,8.2,14.1,254,152,44,10487,14.9,494,0.7,1.1,36.4,36,222,3357,2,49.1,15.8,893,32.6,15.5,54,6459,232,54807,42.4,42.6,53.6,-9,339,22.1,0,5,24.7,65422110,55641374,32.9,4406,16,64334,234,304504,2292,77.7,32049,7.25,0.411,9.6,10.5,6090,31,4.8,7.3,6.9,5.1,34.6,15.3,27.5,0.3,9.8,12.4
Vermont,66.75,5.27,79.7,9.4,90.6,32.1,12.2,87.9,26627,5.71,5.77,4.32,6.4,6.2,62.9,44.6,58.6,11.4,15,8.5,80,22.9,55.4,1.6,15.2,28.8,41.4,43.5,88.6,54.5,19661,36101,4684,14134,158,189,75.4,6,621270,20.8,13.9,38.2,61.8,95,1.2,0.7,1.2,0.2,1.7,47.5,36.5,72.2,1.7,0.4,927,0.15,4.9,11.1,616,5.4,6.2,23.1,10.2,79.8,6.4,23.3,20.8,36,16.8,17.4,11.8,102,102,191,9833,37.5,116,0.8,1.3,38.5,23,136,2539,"",62.5,12,127,20.4,5.3,137,2082,250,62920,33.8,43.3,66.7,0.6,"",37.2,0,3,10.9,56513,23688,0.09,"",11,67768,7486,273597,947,80.2,34924,8.06,0.434,10.6,13.2,8496,146,9,6.2,12.3,2.4,37.6,16.8,23.7,1.2,9.9,10.7
Virginia,50.73,5.53,78.5,14.1,85.9,33.7,13.8,87.8,32467,5.22,5.68,5.69,7.9,8.6,56,50.5,61.5,24.5,15.8,8.4,64.1,20.7,49.5,7,13.5,33.1,38.5,35.6,75.5,68.3,14868,27280,2666,10593,587,135,76.4,6.6,7769089,23.5,12.1,73,27,66.8,6.8,19.3,4.8,0.2,2,43.7,34.2,68.7,1.7,21.4,10346,0.14,8.9,10.9,451,7.5,8.6,25.3,8,80.3,7.9,25.8,35.2,26.9,16.4,13.7,15.3,1045,623,29,8093,19.5,2103,1.8,1.9,5.3,154,256,2518,5.3,69.5,11.1,1758,22.6,3.2,83,39224,505,37452,26.4,38.3,67.6,11.6,1092,18.6,0,13,16.7,2836076,699355,0.43,44,31,5971,428,342737,1573,77.6,41769,7.25,0.46,10.2,13.8,13489,18,6.9,7.1,4.7,2.5,40.4,15.8,23.8,0.5,9.2,10.4
Washington,55.81,5.53,79.7,10.4,89.6,30.7,10.9,85.7,31812,5.69,5.35,5.55,6.9,6.3,57.8,56.8,66.6,25.2,16.7,8.2,92.9,21.3,43.2,8,12.1,38.4,33.5,39.4,74.8,48.7,14165,33455,2850,8840,665,162,81.7,8.1,6549224,23.5,12,82,18,75.3,9.8,3.3,6.4,1.2,4,45.7,39.8,65.3,2.4,15.6,23970,0.38,8,12.2,334,5.4,6.3,21.1,10.1,82.7,6.9,26,33.4,26.8,15.7,15.1,13.3,873,621,74,9211,26,1368,1.4,1.6,12.5,120,331,3758,3.4,61.5,12.3,2628,40.1,4.4,44,17772,266,65215,31.3,44,66.9,0,1651,32.7,3,8,12.2,7528351,5506956,0.13,125,48,34115,419,323884,1009,76.4,40407,8.55,0.442,11.3,14.3,7602,61,8.7,9.1,20.2,4.6,37.2,16.7,24.2,1.4,9.3,11.1
West Virginia,35.49,3.85,75.2,17.8,82.2,17.1,6.7,83.7,24404,3.82,4.02,3.71,11.9,9.5,87.7,67.8,74.3,21.8,29.7,10.5,81.8,20.4,32.2,0.6,16.6,50.1,25.7,19.4,78.2,57.9,12131,19859,2790,10087,1009,94,66.9,10,1814468,21.3,15.7,46.1,53.9,93.5,1.1,3.3,0.5,0.1,1.4,38.2,24.5,73.7,1.3,1.2,1522,0.08,9.2,10.9,533,7.7,9.5,36.9,10.7,84.8,11.9,31.9,44.9,25.5,26.5,8.8,17.1,367,395,33,5461,37.4,448,2,1.9,-5.3,36,274,2569,5.4,55.6,14.1,362,20,15.7,30,6101,334,32945,23.6,33.2,50.6,-6.5,768,16.4,1,4,63,6362782,844395,6.11,64,9,764,1625,455110,2988,67.3,25533,7.25,0.453,17,23,8966,45,15.2,9.1,13.9,3.5,29.8,18.5,24,0.6,13,14.1
Wisconsin,52.8,5.23,79.3,10.4,89.6,25.7,8.6,87.1,29168,5.55,5.19,4.95,7.2,7,61.8,54.7,67.3,11.5,15.7,8.4,85.5,20.3,45.3,5.5,14.3,33.5,32.8,39.3,88.5,61,12406,30001,3536,10751,842,199,78.8,5.4,5627968,23.4,13.3,68.3,31.7,84.9,5.1,5.7,2,0.8,1.5,42.5,33.4,70.1,1.6,17.1,6773,0.12,4.7,9.8,405,6.3,7,26.1,9,88.2,7.2,26.1,30.9,26.1,19.9,22.8,10.2,854,434,200,11237,26.1,1041,1.7,1.3,-30.8,104,274,2756,3.5,68,11.9,1120,19.9,4.4,21,23577,386,51618,34.2,39.4,72.5,-3.1,918,22,2,8,19.7,2721337,393954,1.33,335,38,56516,1166,335324,1740,81,35239,7.25,0.426,10.4,13.3,6197,18,7.5,8.2,15.2,4.8,32.7,15.7,24.3,0.9,8.5,17.9
Wyoming,27.8,4.8,77.6,8.3,91.7,23.6,7.9,81.6,29507,4.84,4.54,5.03,7.4,9.1,80.7,59.3,67.4,24.2,14.2,7.3,56.2,14.9,40.7,2.6,16.9,31.1,32.6,34.7,75.8,58,10556,...,2007,13758,94,140,76.1,6.6,532668,24.1,12.3,65.1,34.9,86.7,7.7,1,0.7,1.7,2.2,32.5,26.9,70.1,0,2.1,487,0.1,5.9,12.7,1078,7,9.1,27.7,9.9,73.7,7.4,25.2,47.3,19.5,19.4,15.4,15.6,74,51,52,8863,22.8,135,1.8,1.8,0,18,232,2717,"",50,21.7,180,33.8,5.7,74,2073,389,482,29.7,41.4,65.3,-0.6,1311,16.7,1,2,120,628883,136509,6.8,16,2,"",4229,902917,10173,79.9,40837,5.15,0.441,9.4,11.6,10082,"",4.2,7,7.7,2.3,29.8,16,24.1,1.7,15.5,13